{
  "n_runs": 50,
  "k_target": 500,
  "targeting": "degree",
  "operating_point": {
    "alpha": 0.3,
    "beta": 0.8,
    "gamma": 0.36
  },
  "eta_default": 0.5,
  "f_duration": null,
  "seed_regime": "random",
  "suffix": "_eta050",
  "baseline_spread_mean": 71509.1,
  "affected_first_step": {
    "node_removal": 500,
    "visibility_reduction": 500,
    "fact_checking": 393650,
    "edge_rewiring": 267578,
    "early_detection": 500
  },
  "dependent_variables": {
    "baseline": {
      "spread_size": {
        "mean": 71509.1,
        "std": 2692.8716047357025,
        "median": 71247.0,
        "min": 65852.0,
        "max": 77662.0,
        "ci95_low": 70777.943,
        "ci95_high": 72256.3965
      },
      "spread_speed": {
        "mean": 4.88,
        "std": 0.328260722659316,
        "median": 5.0,
        "min": 4.0,
        "max": 5.0,
        "ci95_low": 4.78,
        "ci95_high": 4.96
      },
      "peak_infection": {
        "mean": 58711.96,
        "std": 2507.6757509368576,
        "median": 58555.0,
        "min": 53867.0,
        "max": 63978.0,
        "ci95_low": 58023.294499999996,
        "ci95_high": 59394.658500000005
      },
      "duration": {
        "mean": 115.5,
        "std": 15.317390410236067,
        "median": 112.0,
        "min": 92.0,
        "max": 160.0,
        "ci95_low": 111.5,
        "ci95_high": 119.86
      }
    },
    "node_removal": {
      "spread_size": {
        "mean": 50283.7,
        "std": 638.6930293296505,
        "median": 50366.5,
        "min": 48685.0,
        "max": 51549.0,
        "ci95_low": 50108.54,
        "ci95_high": 50456.6425
      },
      "spread_speed": {
        "mean": 5.06,
        "std": 0.23989793748209523,
        "median": 5.0,
        "min": 5.0,
        "max": 6.0,
        "ci95_low": 5.0,
        "ci95_high": 5.14
      },
      "peak_infection": {
        "mean": 41006.52,
        "std": 699.725463365192,
        "median": 40949.0,
        "min": 39439.0,
        "max": 42409.0,
        "ci95_low": 40814.554,
        "ci95_high": 41198.462
      },
      "duration": {
        "mean": 112.46,
        "std": 11.152395185221287,
        "median": 112.5,
        "min": 95.0,
        "max": 137.0,
        "ci95_low": 109.5,
        "ci95_high": 115.48
      }
    },
    "visibility_reduction": {
      "spread_size": {
        "mean": 66233.06,
        "std": 2016.5099615171653,
        "median": 66462.5,
        "min": 61519.0,
        "max": 69397.0,
        "ci95_low": 65675.8545,
        "ci95_high": 66768.4375
      },
      "spread_speed": {
        "mean": 4.9,
        "std": 0.3030457633656632,
        "median": 5.0,
        "min": 4.0,
        "max": 5.0,
        "ci95_low": 4.8,
        "ci95_high": 4.98
      },
      "peak_infection": {
        "mean": 54359.58,
        "std": 1733.599841900297,
        "median": 54688.0,
        "min": 50535.0,
        "max": 57532.0,
        "ci95_low": 53888.4185,
        "ci95_high": 54827.41
      },
      "duration": {
        "mean": 120.58,
        "std": 14.591149120376407,
        "median": 119.5,
        "min": 93.0,
        "max": 158.0,
        "ci95_low": 116.74,
        "ci95_high": 124.74
      }
    },
    "fact_checking": {
      "spread_size": {
        "mean": 63283.4,
        "std": 1468.51135230094,
        "median": 63267.5,
        "min": 59269.0,
        "max": 66555.0,
        "ci95_low": 62874.487,
        "ci95_high": 63688.8605
      },
      "spread_speed": {
        "mean": 4.9,
        "std": 0.30304576336566325,
        "median": 5.0,
        "min": 4.0,
        "max": 5.0,
        "ci95_low": 4.82,
        "ci95_high": 4.98
      },
      "peak_infection": {
        "mean": 51950.14,
        "std": 1216.7908781810002,
        "median": 51997.5,
        "min": 49016.0,
        "max": 54835.0,
        "ci95_low": 51613.9555,
        "ci95_high": 52282.404
      },
      "duration": {
        "mean": 114.72,
        "std": 14.940753744338991,
        "median": 111.5,
        "min": 92.0,
        "max": 174.0,
        "ci95_low": 110.8,
        "ci95_high": 118.92049999999999
      }
    },
    "edge_rewiring": {
      "spread_size": {
        "mean": 63876.94,
        "std": 1946.2935408994551,
        "median": 64165.0,
        "min": 60038.0,
        "max": 68290.0,
        "ci95_low": 63351.877499999995,
        "ci95_high": 64404.017
      },
      "spread_speed": {
        "mean": 4.74,
        "std": 0.4430874976934521,
        "median": 5.0,
        "min": 4.0,
        "max": 5.0,
        "ci95_low": 4.62,
        "ci95_high": 4.86
      },
      "peak_infection": {
        "mean": 52574.48,
        "std": 1595.4567798365867,
        "median": 52495.0,
        "min": 49058.0,
        "max": 56275.0,
        "ci95_low": 52148.14,
        "ci95_high": 53009.0715
      },
      "duration": {
        "mean": 114.36,
        "std": 9.751525260079019,
        "median": 112.5,
        "min": 96.0,
        "max": 137.0,
        "ci95_low": 111.7195,
        "ci95_high": 117.02
      }
    },
    "early_detection": {
      "spread_size": {
        "mean": 118343.96,
        "std": 1628.65980913067,
        "median": 118036.5,
        "min": 114540.0,
        "max": 122473.0,
        "ci95_low": 117899.278,
        "ci95_high": 118787.5325
      },
      "spread_speed": {
        "mean": 11.0,
        "std": 0.0,
        "median": 11.0,
        "min": 11.0,
        "max": 11.0,
        "ci95_low": 11.0,
        "ci95_high": 11.0
      },
      "peak_infection": {
        "mean": 78200.6,
        "std": 2061.0553864761737,
        "median": 78415.5,
        "min": 73336.0,
        "max": 82813.0,
        "ci95_low": 77628.0145,
        "ci95_high": 78756.6015
      },
      "duration": {
        "mean": 122.32,
        "std": 12.484177741347285,
        "median": 121.5,
        "min": 104.0,
        "max": 158.0,
        "ci95_low": 118.98,
        "ci95_high": 125.86
      }
    }
  },
  "containment_efficiency": {
    "baseline": {
      "mean": 8.189005029635155e-15,
      "std": 3.765774712219427,
      "median": 0.36652677771081693,
      "min": -8.604359445161517,
      "max": 7.911021114795187,
      "ci95_low": -1.0450369253703293,
      "ci95_high": 1.0224670706245853
    },
    "node_removal": {
      "mean": 29.68209640451356,
      "std": 0.8931632887697517,
      "median": 29.566306945549595,
      "min": 27.912671254427764,
      "max": 31.917755921973573,
      "ci95_low": 29.440249562643086,
      "ci95_high": 29.9270442503122
    },
    "visibility_reduction": {
      "mean": 7.378137887345814,
      "std": 2.8199347516849813,
      "median": 7.057283618448569,
      "min": 2.953610099973298,
      "max": 13.97038978255915,
      "ci95_low": 6.629453454175768,
      "ci95_high": 8.15734710687172
    },
    "fact_checking": {
      "mean": 11.503011504829463,
      "std": 2.0536006638329103,
      "median": 11.525246437166745,
      "min": 6.927929452335444,
      "max": 17.116842471797302,
      "ci95_low": 10.936006046782865,
      "ci95_high": 12.074845019724767
    },
    "edge_rewiring": {
      "mean": 10.672991269642612,
      "std": 2.7217424648044166,
      "median": 10.270161420015082,
      "min": 4.501664823078469,
      "max": 16.041454863786576,
      "ci95_low": 9.935914450049022,
      "ci95_high": 11.407250965261774
    },
    "early_detection": {
      "mean": -65.49496497648549,
      "std": 2.2775560161303523,
      "median": -65.06500571255965,
      "min": -71.26911120402856,
      "max": -60.175418233483555,
      "ci95_low": -66.11526714781755,
      "ci95_high": -64.8731112543718
    }
  },
  "anova": {
    "F": 8250.09148160472,
    "p": 0.0
  },
  "kruskal_wallis": {
    "H": 266.8313393513303,
    "p": 1.3407830240618771e-55
  },
  "pairwise_ttests_bonferroni_alpha": 0.0033333333333333335,
  "pairwise_ttests": {
    "baseline__vs__node_removal": {
      "t": -54.23018234468317,
      "p": 4.187265395285693e-49,