{
  "n_runs": 50,
  "k_target": 500,
  "targeting": "degree",
  "operating_point": {
    "alpha": 0.3,
    "beta": 0.8,
    "gamma": 0.36
  },
  "eta_default": 0.1,
  "f_duration": 50,
  "seed_regime": "random",
  "suffix": "_fdur50",
  "baseline_spread_mean": 71509.1,
  "affected_first_step": {
    "node_removal": 500,
    "visibility_reduction": 500,
    "fact_checking": 393650,
    "edge_rewiring": 267578,
    "early_detection": 500
  },
  "dependent_variables": {
    "baseline": {
      "spread_size": {
        "mean": 71509.1,
        "std": 2692.8716047357025,
        "median": 71247.0,
        "min": 65852.0,
        "max": 77662.0,
        "ci95_low": 70777.943,
        "ci95_high": 72256.3965
      },
      "spread_speed": {
        "mean": 4.88,
        "std": 0.328260722659316,
        "median": 5.0,
        "min": 4.0,
        "max": 5.0,
        "ci95_low": 4.78,
        "ci95_high": 4.96
      },
      "peak_infection": {
        "mean": 58711.96,
        "std": 2507.6757509368576,
        "median": 58555.0,
        "min": 53867.0,
        "max": 63978.0,
        "ci95_low": 58023.294499999996,
        "ci95_high": 59394.658500000005
      },
      "duration": {
        "mean": 115.5,
        "std": 15.317390410236067,
        "median": 112.0,
        "min": 92.0,
        "max": 160.0,
        "ci95_low": 111.5,
        "ci95_high": 119.86
      }
    },
    "node_removal": {
      "spread_size": {
        "mean": 61349.66,
        "std": 2394.6915834820984,
        "median": 61411.0,
        "min": 55918.0,
        "max": 68387.0,
        "ci95_low": 60690.635,
        "ci95_high": 62026.5245
      },
      "spread_speed": {
        "mean": 51.12,
        "std": 6.222539674441618,
        "median": 52.0,
        "min": 8.0,
        "max": 52.0,
        "ci95_low": 49.36,
        "ci95_high": 52.0
      },
      "peak_infection": {
        "mean": 41006.52,
        "std": 699.725463365192,
        "median": 40949.0,
        "min": 39439.0,
        "max": 42409.0,
        "ci95_low": 40814.554,
        "ci95_high": 41198.462
      },
      "duration": {
        "mean": 148.24,
        "std": 13.115748440056981,
        "median": 148.0,
        "min": 128.0,
        "max": 197.0,
        "ci95_low": 144.8,
        "ci95_high": 151.92
      }
    },
    "visibility_reduction": {
      "spread_size": {
        "mean": 67723.68,
        "std": 2292.9790393943945,
        "median": 68098.0,
        "min": 62436.0,
        "max": 71297.0,
        "ci95_low": 67086.2755,
        "ci95_high": 68336.26449999999
      },
      "spread_speed": {
        "mean": 5.0,
        "std": 0.0,
        "median": 5.0,
        "min": 5.0,
        "max": 5.0,
        "ci95_low": 5.0,
        "ci95_high": 5.0
      },
      "peak_infection": {
        "mean": 54359.58,
        "std": 1733.599841900297,
        "median": 54688.0,
        "min": 50535.0,
        "max": 57532.0,
        "ci95_low": 53888.4185,
        "ci95_high": 54827.41
      },
      "duration": {
        "mean": 130.92,
        "std": 12.569545313485094,
        "median": 127.0,
        "min": 111.0,
        "max": 165.0,
        "ci95_low": 127.64,
        "ci95_high": 134.48
      }
    },
    "fact_checking": {
      "spread_size": {
        "mean": 60573.42,
        "std": 1294.6223953456902,
        "median": 60478.0,
        "min": 57115.0,
        "max": 63204.0,
        "ci95_low": 60219.1945,
        "ci95_high": 60927.2765
      },
      "spread_speed": {
        "mean": 5.02,
        "std": 0.14142135623730948,
        "median": 5.0,
        "min": 5.0,
        "max": 6.0,
        "ci95_low": 5.0,
        "ci95_high": 5.06
      },
      "peak_infection": {
        "mean": 46991.92,
        "std": 731.4866561758083,
        "median": 46965.0,
        "min": 44888.0,
        "max": 48550.0,
        "ci95_low": 46794.2745,
        "ci95_high": 47192.972499999996
      },
      "duration": {
        "mean": 139.2,
        "std": 14.305700305280052,
        "median": 138.5,
        "min": 118.0,
        "max": 193.0,
        "ci95_low": 135.44,
        "ci95_high": 143.26049999999998
      }
    },
    "edge_rewiring": {
      "spread_size": {
        "mean": 63839.2,
        "std": 2163.99970764644,
        "median": 63859.5,
        "min": 59150.0,
        "max": 68490.0,
        "ci95_low": 63263.353,
        "ci95_high": 64435.86
      },
      "spread_speed": {
        "mean": 34.64,
        "std": 22.695643742752903,
        "median": 52.0,
        "min": 5.0,
        "max": 53.0,
        "ci95_low": 28.22,
        "ci95_high": 41.04
      },
      "peak_infection": {
        "mean": 47373.56,
        "std": 855.4792465188677,
        "median": 47419.0,
        "min": 45644.0,
        "max": 49018.0,
        "ci95_low": 47140.854,
        "ci95_high": 47602.624
      },
      "duration": {
        "mean": 142.3,
        "std": 11.194477501456342,
        "median": 141.5,
        "min": 123.0,
        "max": 184.0,
        "ci95_low": 139.46,
        "ci95_high": 145.56
      }
    },
    "early_detection": {
      "spread_size": {
        "mean": 118343.96,
        "std": 1628.65980913067,
        "median": 118036.5,
        "min": 114540.0,
        "max": 122473.0,
        "ci95_low": 117899.278,
        "ci95_high": 118787.5325
      },
      "spread_speed": {
        "mean": 11.0,
        "std": 0.0,
        "median": 11.0,
        "min": 11.0,
        "max": 11.0,
        "ci95_low": 11.0,
        "ci95_high": 11.0
      },
      "peak_infection": {
        "mean": 78200.6,
        "std": 2061.0553864761737,
        "median": 78415.5,
        "min": 73336.0,
        "max": 82813.0,
        "ci95_low": 77628.0145,
        "ci95_high": 78756.6015
      },
      "duration": {
        "mean": 122.32,
        "std": 12.484177741347285,
        "median": 121.5,
        "min": 104.0,
        "max": 158.0,
        "ci95_low": 118.98,
        "ci95_high": 125.86
      }
    }
  },
  "containment_efficiency": {
    "baseline": {
      "mean": 8.189005029635155e-15,
      "std": 3.765774712219427,
      "median": 0.36652677771081693,
      "min": -8.604359445161517,
      "max": 7.911021114795187,
      "ci95_low": -1.0450369253703293,
      "ci95_high": 1.0224670706245853
    },
    "node_removal": {
      "mean": 14.2071988040683,
      "std": 3.3487927878858748,
      "median": 14.121419511642582,
      "min": 4.366017751586869,
      "max": 21.80295934363599,
      "ci95_low": 13.260655636835038,
      "ci95_high": 15.128794796746154
    },
    "visibility_reduction": {
      "mean": 5.293619972842626,
      "std": 3.206555584386315,
      "median": 4.770162119226791,
      "min": 0.296605606838858,
      "max": 12.688035508767422,
      "ci95_low": 4.436967462882355,
      "ci95_high": 6.184981352023736
    },
    "fact_checking": {
      "mean": 15.292710997621288,
      "std": 1.8104302743926157,
      "median": 15.426148560113335,
      "min": 11.614046324174133,
      "max": 20.129046512961292,
      "ci95_low": 14.797869781608224,
      "ci95_high": 15.788068231875389
    },
    "edge_rewiring": {
      "mean": 10.725767769416766,
      "std": 3.0261878665043187,
      "median": 10.697379774042751,
      "min": 4.221980139590633,
      "max": 17.283254858472567,
      "ci95_low": 9.891384453167507,
      "ci95_high": 11.531045699078865
    },
    "early_detection": {
      "mean": -65.49496497648549,
      "std": 2.2775560161303523,
      "median": -65.06500571255965,
      "min": -71.26911120402856,
      "max": -60.175418233483555,
      "ci95_low": -66.11526714781755,
      "ci95_high": -64.8731112543718
    }
  },
  "anova": {
    "F": 5405.452451738549,
    "p": 6.416526067871774e-287
  },
  "kruskal_wallis": {
    "H": 257.3763829343731,
    "p": 1.435994145529318e-53
  },
  "pairwise_ttests_bonferroni_alpha": 0.0033333333333333335,
  "pairwise_ttests": {
    "baseline__vs__node_removal": {
      "t": -19.93495743014211,
      "p": 5.095135352965556e-36,