{
  "task": "Task 3 -- GNN OOD diagnostic on Higgs",
  "timestamp_utc": "2026-05-28T00:20:28.116693Z",
  "script": "src/verify_task3_gnn_ood.py",
  "command": "src/verify_task3_gnn_ood.py",
  "git_sha": "25fb7d64254c3f7d123b84d8c0ef8aa3557e5c64",
  "feature_order": [
    "degree",
    "betweenness",
    "eigenvector",
    "neighbor_degree_avg",
    "depth_from_source"
  ],
  "training_stats_used": {
    "mean": [
      1.978169560432434,
      0.020302793011069298,
      0.06208987161517143,
      55.15108871459961,
      1.6553316116333008
    ],
    "std": [
      7.578900337219238,
      0.10679587721824646,
      0.0840241014957428,
      53.4022216796875,
      1.032230019569397
    ]
  },
  "higgs": {
    "n": 456626,
    "betweenness_source": "pivot1000 from Task 2",
    "standardized_feature_minmax": {
      "degree": {
        "min": -0.12906484013633734,
        "max": 6779.878286312549
      },
      "betweenness": {
        "min": -0.19010839687733275,
        "max": 137687633.0434495
      },
      "eigenvector": {
        "min": -0.7389531159499195,
        "max": 1.1094591656797836
      },
      "neighbor_degree_avg": {
        "min": -1.0140231438198188,
        "max": 961.2118615433938
      },
      "depth_from_source": {
        "min": -1.6036460674955333,
        "max": 5.177788174186476
      }
    },
    "scores": {
      "GCN": {
        "min": 0.002240777015686035,
        "max": 787532.8125,
        "mean": 974.5278930664062,
        "std": 2317.18310546875,
        "n": 456626,
        "hist_10": {
          "counts": [
            456587,
            33,
            5,
            0,
            0,
            0,
            0,
            0,
            0,
            1
          ],
          "edges": [
            0.002240777015686035,
            78753.28125,
            157506.5625,
            236259.84375,
            315013.125,
            393766.40625,
            472519.6875,
            551273.0,
            630026.25,
            708779.5,
            787532.8125
          ]
        }
      },
      "GraphSAGE": {
        "min": 0.008759059011936188,
        "max": 12669317.0,
        "mean": 114582.21875,
        "std": 271450.21875,
        "n": 456626,
        "hist_10": {
          "counts": [
            444951,
            11654,
            2,
            8,
            4,
            2,
            0,
            3,
            0,
            2
          ],
          "edges": [
            0.008759059011936188,
            1266931.75,
            2533863.5,
            3800795.25,
            5067727.0,
            6334659.0,
            7601590.5,
            8868522.0,
            10135454.0,
            11402386.0,
            12669317.0
          ]
        }
      },
      "GAT": {
        "min": -0.1145874634385109,
        "max": 47.717594146728516,
        "mean": 0.4863714575767517,
        "std": 1.5640103816986084,
        "n": 456626,
        "hist_10": {
          "counts": [
            441155,
            15079,
            176,
            141,
            35,
            39,
            0,
            0,
            0,
            1
          ],
          "edges": [
            -0.1145874634385109,
            4.668630599975586,
            9.451848030090332,
            14.235065460205078,
            19.01828384399414,
            23.801502227783203,
            28.584718704223633,
            33.36793899536133,
            38.15115737915039,
            42.93437576293945,
            47.717594146728516
          ]
        }
      }
    },
    "spearman_vs_baselines": {
      "GCN": {
        "vs_degree": 0.39859997098115896,
        "vs_pivot_betweenness": 0.38019581717279793
      },
      "GraphSAGE": {
        "vs_degree": -0.20855510037579778,
        "vs_pivot_betweenness": 0.08152050759891803
      },
      "GAT": {
        "vs_degree": -0.3146227343811766,
        "vs_pivot_betweenness": -0.3362994422496948
      }
    }
  },
  "upfd_test": {
    "num_trees": 113,
    "num_nodes_total": 18091,
    "scores": {
      "GCN": {
        "min": -0.060947149991989136,
        "max": 0.21306094527244568,
        "mean": -0.005401449743658304,
        "std": 0.03720654919743538,
        "n": 18091,
        "hist_10": {
          "counts": [
            3370,
            6946,
            4866,
            1662,
            506,
            280,
            207,
            128,
            100,
            26
          ],
          "edges": [
            -0.060947149991989136,
            -0.033546339720487595,
            -0.0061455294489860535,
            0.021255284547805786,
            0.04865609109401703,
            0.07605689764022827,
            0.10345771908760071,
            0.13085852563381195,
            0.1582593321800232,
            0.18566013872623444,
            0.21306094527244568
          ]
        }
      },
      "GraphSAGE": {
        "min": -0.07749020308256149,
        "max": 1.1636343002319336,
        "mean": 0.01708902418613434,
        "std": 0.08292435854673386,
        "n": 18091,
        "hist_10": {
          "counts": [
            15417,
            2528,
            21,
            8,
            7,
            6,
            5,
            13,
            44,
            42
          ],
          "edges": [
            -0.07749020308256149,
            0.046622246503829956,
            0.170734703540802,
            0.29484713077545166,
            0.4189595878124237,
            0.5430720448493958,
            0.6671844720840454,
            0.7912969589233398,
            0.9154093861579895,
            1.0395218133926392,
            1.1636343002319336
          ]
        }
      },
      "GAT": {
        "min": -0.019914358854293823,
        "max": 1.197852611541748,
        "mean": 0.013463146053254604,
        "std": 0.08029855042695999,
        "n": 18091,
        "hist_10": {
          "counts": [
            17905,
            34,
            13,
            14,
            14,
            12,
            8,
            12,
            63,
            16
          ],
          "edges": [
            -0.019914358854293823,
            0.1018623411655426,
            0.22363904118537903,
            0.34541574120521545,
            0.4671924412250519,
            0.5889691114425659,
            0.7107458114624023,
            0.8325225114822388,
            0.9542992115020752,
            1.0760759115219116,
            1.197852611541748
          ]
        }
      }
    }
  },
  "wall_seconds_total": 73.49
}