{
  "rho_deg": 0.33338234948400847,
  "rho_btw": 0.3291401415988947,
  "frac_zero": 0.8061915002649871,
  "mean": 5.246325915608142e-05,
  "var": 1.990214183273038e-05,
  "n_runs": 100,
  "n_nodes": 456626
}