{
  "mean": [
    1.978169560432434,
    0.020302793011069298,
    0.06208987161517143,
    55.15108871459961,
    1.6553316116333008
  ],
  "std": [
    7.578900337219238,
    0.10679587721824646,
    0.0840241014957428,
    53.4022216796875,
    1.032230019569397
  ],
  "features": [
    "degree",
    "betweenness",
    "eigenvector",
    "neighbor_degree_avg",
    "depth_from_source"
  ]
}