{
  "GCN": {
    "val_mse": 0.035199084474394716,
    "test_mse": 0.007529201451689005,
    "test_spearman": 0.07117711704252673,
    "train_seconds": 2.4
  },
  "GraphSAGE": {
    "val_mse": 0.007190115626953129,
    "test_mse": 0.0015457065310329199,
    "test_spearman": -0.11084203541737052,
    "train_seconds": 2.5
  },
  "GAT": {
    "val_mse": 0.013342447623674362,
    "test_mse": 0.0009899776196107268,
    "test_spearman": 0.12045990070274414,
    "train_seconds": 7.2
  }
}